{
  "bad_counter": 0,
  "uidx": 39250,
  "eidx": 2803,
  "estop": false,
  "history_errs": [
    301.4607592805287,
    301.45517040158586,
    301.44165464325243,
    301.4151487911449,
    301.37223682910263,
    301.3164927502511,
    301.2584477393858,
    301.1990612381097,
    301.13986630955503,
    301.0788147743558,
    301.0096155054429,
    300.9238403001818,
    300.8128824107335,
    300.66511260219045,
    300.47098310713073,
    300.2246711955351,
    299.91123148793287,
    299.5302174638752,
    299.0713879930905,
    298.52665001617663,
    297.9005417869032,
    297.1835376786552,
    296.36887185713823,
    295.44934778195403,
    294.42874332261493,
    293.29771916101737,
    292.0490073234804,
    290.66716625387346,
    289.1523431781573,
    287.4931063425835,
    285.68184304825496,
    283.7001214126934,
    281.5262673828588,
    279.14030824802404,
    276.5150403723092,
    273.61450947575145,
    270.40257636148067,
    266.84313439508543,
    262.8836131647823,
    258.464662673125,
    253.51689176722314,
    248.00656953120367,
    241.82167350454168,
    234.9577512116767,
    227.39380920815512,
    219.14419140535242,
    210.26508052977937,
    200.86489429329106,
    191.07767879804578,
    181.03572364097755,
    170.91165740575917,
    160.87611280672917,
    151.1055589427984,
    141.75396240277806,
    132.9239230744074,
    124.6655567366439,
    117.02776911136547,
    110.02597249255462,
    103.63959313524742,
    97.83638796905865,
    92.56393040425411,
    87.77583994087277,
    83.42297872782206,
    79.45591226157924,
    75.84352098379914,
    72.53302558866352,
    69.48213035558162,
    66.670776045526,
    64.07142910740181,
    61.65565764881402,
    59.405102278747414,
    57.313501415940344,
    55.362641463922145,
    53.53616834455921,
    51.83103769734869,
    50.23684994952728,
    48.74405635330663,
    47.33343733555904,
    46.00841189426082,
    44.76695842240748,
    43.60155111517354,
    42.510265413905,
    41.48046111585519,
    40.517078213718854,
    39.61432086901149,
    38.766195506931936,
    37.97082918938921,
    37.23115035342989,
    36.535701231101434,
    35.8831364731861,
    35.26483041296874,
    34.6826849257471,
    34.13114646998935,
    33.6136909166821,
    33.129656992781996,
    32.6748874911321,
    32.246601633374105,
    31.846768167824177,
    31.47074479317077,
    31.112747333307645,
    30.77772209110477,
    30.462493011462847,
    30.17071212774436,
    29.89885210108712,
    29.64585518000022,
    29.407271028809124,
    29.182639757641354,
    28.97141472178121,
    28.769405430136867,
    28.57796987003348,
    28.39749766877752,
    28.225208342301553,
    28.060545194533564,
    27.902974832894905,
    27.753296711356636,
    27.612712575317108,
    27.47804649052629,
    27.352010428622734,
    27.234535632085983,
    27.12508249723934,
    27.01968092653738,
    26.92146593043881,
    26.827704147550595,
    26.73785216181735,
    26.65412966672338,
    26.577074604310393,
    26.503185844794622,
    26.434380857044196,
    26.37053298231999,
    26.31031120275863,
    26.256516393267,
    26.200921953346516,
    26.147930702516206,
    26.104421524666744,
    26.06317165544861,
    26.02330523842426,
    25.985598276925945,
    25.952694293274146,
    25.920805537666723,
    25.891725190111085,
    25.862320147610255,
    25.834360281588683,
    25.810786663298362,
    25.791671383482683,
    25.773384393053217,
    25.75891418678711,
    25.74875463418083,
    25.73663456197934,
    25.724610146184574,
    25.712925519843708,
    25.704241322385293,
    25.699510491833063,
    25.69304644863565,
    25.689569513021883,
    25.68489866510062,
    25.680117674299165,
    25.67815016914138
  ],
  "valid_script_scores": [
    0.0,
    12.81,
    12.67,
    10.2,
    9.08,
    9.11,
    8.69,
    8.21,
    7.68,
    6.66,
    6.15,
    3.78,
    3.68,
    3.56,
    2.53,
    2.63,
    2.63,
    3.17,
    3.45,
    3.12,
    1.0,
    0.93,
    0.98,
    1.02,
    0.91,
    0.92,
    0.96,
    0.93,
    0.89,
    0.88,
    0.95,
    1.0,
    1.03,
    1.0,
    1.03,
    1.07,
    1.09,
    1.14,
    1.14,
    1.16,
    1.29,
    1.59,
    1.88,
    2.53,
    3.26,
    4.9,
    6.94,
    9.95,
    13.14,
    16.82,
    22.83,
    28.34,
    35.13,
    42.04,
    50.27,
    56.46,
    61.22,
    65.99,
    70.36,
    73.64,
    76.2,
    78.02,
    79.67,
    80.72,
    81.65,
    82.51,
    83.37,
    83.84,
    84.34,
    85.11,
    85.43,
    85.75,
    86.07,
    86.39,
    86.7,
    86.9,
    87.14,
    87.14,
    87.13,
    87.24,
    87.31,
    87.51,
    87.65,
    87.68,
    87.73,
    87.83,
    87.86,
    87.88,
    87.99,
    88.06,
    88.04,
    88.16,
    88.17,
    88.17,
    88.3,
    88.31,
    88.27,
    88.36,
    88.41,
    88.39,
    88.42,
    88.47,
    88.44,
    88.5,
    88.51,
    88.47,
    88.5,
    88.54,
    88.51,
    88.58,
    88.59,
    88.56,
    88.49,
    88.51,
    88.55,
    88.6,
    88.54,
    88.53,
    88.52,
    88.52,
    88.62,
    88.64,
    88.71,
    88.8,
    88.84,
    88.82,
    88.72,
    88.75,
    88.74,
    88.73,
    88.72,
    88.73,
    88.7,
    88.74,
    88.8,
    88.84,
    88.85,
    88.88,
    88.87,
    88.82,
    88.82,
    88.79,
    88.79,
    88.8,
    88.78,
    88.8,
    88.81,
    88.8,
    88.79,
    88.81,
    88.83,
    88.82,
    88.82,
    88.79,
    88.78,
    88.77
  ]
}